01	dZrkeCtVCqk6XH6u2zij	bw19thiSce9wrahTx144	https://cdn.openart.ai/openart-ai/production/2026-07/create-video/U8LYT4b2errrkadcpdhh/3c03f3b8208c3df8c20e0667db995548-dc7a00ad-7fce-42d7-99b0-befce59b7b19_1784234322404_894eb560.mp4
02	1Dvc8nAtcfCPERvOtSV2	iY5y3S1nVUjfZkwgcfN2	https://cdn.openart.ai/openart-ai/production/2026-07/create-video/U8LYT4b2errrkadcpdhh/9388246d3f8cdfe993b9f0560123d87c-66599c87-55bf-42a1-9c1d-c74ca576c479_1784234332437_58418455.mp4
03	nRoqR3b1HlxozMr3fxar	cixETrlPW6D8YINrOmPs	https://cdn.openart.ai/openart-ai/production/2026-07/create-video/U8LYT4b2errrkadcpdhh/d2f2f65da150ca104163b5796ea8e009-82adb7b8-6275-45f2-b1b8-bae6f44b1da1_1784234341437_18cefd9b.mp4
04	oxdp1iAH5MUY3B663z2m	9zOidtj0fnWwW1GX2gcu	https://cdn.openart.ai/openart-ai/production/2026-07/create-video/U8LYT4b2errrkadcpdhh/ab13c40ee9aa43c434b06b3118a9389f-4079940d-8ec0-4c38-8504-76a20165e852_1784234348760_f07a026c.mp4
05	2HvavP4WNt0eiwXHJLNm	WHtychVCSaXYFmUCZ0WD	https://cdn.openart.ai/openart-ai/production/2026-07/create-video/U8LYT4b2errrkadcpdhh/71192ce0881b3e90bde85a160ac086b8-c98e7cd5-68df-49da-82c3-6154260ba90a_1784234353727_25707616.mp4
06	E6PSHC0BiMlhexOaLy1Y	enoMBOkBDkyspqW5PPTA	https://cdn.openart.ai/openart-ai/production/2026-07/create-video/U8LYT4b2errrkadcpdhh/e77e3f65dfdf37aa2bcd01426b8497db-fc43f133-3b43-4fc8-a863-96ecd9f85223_1784234361815_fd1c30fa.mp4
07	YjJBB8smBz6XO8Jke24f	woI55J5C0W2q1lI2m7Gq	https://cdn.openart.ai/openart-ai/production/2026-07/create-video/U8LYT4b2errrkadcpdhh/b6bac523eb3c0a522357f29c78bbd9a5-f8092c22-2a6a-41e5-8dd6-4014fa5c8e77_1784234362615_a3a1990b.mp4
08	GGSySz4oznFGSiRRmNps	nn0oGiHqunmwQcUu4wfv	https://cdn.openart.ai/openart-ai/production/2026-07/create-video/U8LYT4b2errrkadcpdhh/fbe8e1c5a33d2faf67eadf33073bf71f-c2cebdcd-23b6-47ac-988f-4a9b43477bed_1784234374272_23e7b91e.mp4
09	9G4ThemBVDCd79m7DnT6	xYVXwmIakhGayJoShDtg	https://cdn.openart.ai/openart-ai/production/2026-07/create-video/U8LYT4b2errrkadcpdhh/e5096be3336f941df1d580a44fec26ca-c1e3ea02-743f-4313-922a-58ae8b0b2aca_1784234664974_5673c4c6.mp4
10	UlI7dZmF91uFKFtT1M9y	gia531KFkFAj5T9ypcDp	https://cdn.openart.ai/openart-ai/production/2026-07/create-video/U8LYT4b2errrkadcpdhh/22ed152ec36d5827d0da520a084e542d-0d76c953-de78-4288-a6e0-ef652f6be295_1784234675742_067cdb0b.mp4
11	mja2h9HaMmhoSDBqGZWn	Ne1WHvs7JpMDLAIP1UhK	https://cdn.openart.ai/openart-ai/production/2026-07/create-video/U8LYT4b2errrkadcpdhh/6606bf9c5745f0eec6426241f770924e-b9d0182f-1e31-46a9-a473-eca81fcd5ccf_1784234689048_9096ff37.mp4
12	0Sfn7x8CCMpmrGufiFRA	v8zu5yt48w4sKUK9UK3w	https://cdn.openart.ai/openart-ai/production/2026-07/create-video/U8LYT4b2errrkadcpdhh/70d47a2ba1271dc33886c265cd2fad18-dd2d2af7-e743-44e8-9b55-cef96b57eed8_1784234695947_24ae2a85.mp4
13	KdhhSje0taS7oVN9e58j	dbSgY8rjeyxz4kTT5b1j	https://cdn.openart.ai/openart-ai/production/2026-07/create-video/U8LYT4b2errrkadcpdhh/a7a97830fb1e4b7d1dce9bbc6ee846f5-5d0f9952-0cd0-410a-be85-1cfefd7b824c_1784234701538_e95ec692.mp4
14	15m1lNYFKB253CAbtHvS	qvUnbdFekea3RXKSqUQE	https://cdn.openart.ai/openart-ai/production/2026-07/create-video/U8LYT4b2errrkadcpdhh/5c95b300a826702d6163ed37ba404201-e298cab8-0d6f-4e0c-86e2-ad4ce8323255_1784234707559_c655e7f6.mp4
15	CqqpjlOA0KlpnZWdkb4s	nV11GIDj9WZZ1H3VEWBH	https://cdn.openart.ai/openart-ai/production/2026-07/create-video/U8LYT4b2errrkadcpdhh/e9bbae17d63a4c34c2197bf6ae1d7079-c88080bf-7c53-47b3-9404-b2eae5fc758e_1784234721611_b4392c62.mp4
16	svQbJPRPaP9NfGm5XqeM	Vfy8NEwOE9JuUDY1UB95	https://cdn.openart.ai/openart-ai/production/2026-07/create-video/U8LYT4b2errrkadcpdhh/60e8c5d2aca1608f6d3431ec8c3ba6c7-6a9bf7d7-8c6a-4e3d-b2d3-1a528b0b0012_1784234729475_bdf5c7d9.mp4
17	LNZURusD8I0Lsso2ZzyY	yOyCsJHAH1eYwKTHGneJ	https://cdn.openart.ai/openart-ai/production/2026-07/create-video/U8LYT4b2errrkadcpdhh/eb0aae4fa952b17509630afc37705457-455e9ffe-2372-4427-9846-bbf47eb993c4_1784234927959_2db5846b.mp4
18	r1CTTadf3Mcvv44pBPIS	QMhN1BMXbZiGLUiL89iF	https://cdn.openart.ai/openart-ai/production/2026-07/create-video/U8LYT4b2errrkadcpdhh/969271d05f11f3f6aad5889aadab82a2-f3cd172b-b444-4944-8ff8-8b1e520b20f5_1784234937932_7604d111.mp4
19	PglmvR7CUxG36UMIZG9I	PJNhg7zaefZSWAzCYspv	https://cdn.openart.ai/openart-ai/production/2026-07/create-video/U8LYT4b2errrkadcpdhh/35524ccb782b727db9616bd06e5541d2-149f1600-5c19-4f54-af70-e70dbf11907c_1784234936731_b8c73e61.mp4
20	QuydkhVlmtuotfa5RzcG	wNYhuLpBqWqesA40s55G	https://cdn.openart.ai/openart-ai/production/2026-07/create-video/U8LYT4b2errrkadcpdhh/7ec1a0eefa73cb9b69f7a2e9561f7d5d-ae1f369e-8789-40b6-bb38-95b99e4b397e_1784234938442_587f4fd0.mp4
21	G6xJfCCngED86C9PqGBE	s4s3lf4ByKtNtImfIxZh	https://cdn.openart.ai/openart-ai/production/2026-07/create-video/U8LYT4b2errrkadcpdhh/21e4fd8eb2298349b1246b380a50dd73-a33a729f-9481-4e54-9c5f-6666e0702312_1784234953253_70ecbad5.mp4
22	VbtMHrV37geqcYb0qd43	Ysq9ZWimEZHnZofFdsUA	https://cdn.openart.ai/openart-ai/production/2026-07/create-video/U8LYT4b2errrkadcpdhh/dd31023e6a4b6c43b0141dc69290b52b-c4b19863-9f90-45dc-be52-4313606f35fe_1784234951580_bacdbaf0.mp4
23	t5DeddThx6HfbjTGJN3w	AKLTzvwzZd1udmd5gMA7	https://cdn.openart.ai/openart-ai/production/2026-07/create-video/U8LYT4b2errrkadcpdhh/a6edbc64bdd82862587fca741e092e24-8b552154-8b5d-4d7f-9913-e49b7900dad1_1784234985448_b27ddd8c.mp4
24	vigt6bFF9IYIflSeeT8l	MzSinelYxK1Ev7k41Oqx	https://cdn.openart.ai/openart-ai/production/2026-07/create-video/U8LYT4b2errrkadcpdhh/6b1af8fa103e9c9b5c2a5d6a62f69eeb-444f8321-e28d-4890-9f98-0584c74d1d27_1784234967469_7247bc20.mp4
25	h8mW3kqhLXUae6vsOd37	wImhx8ZchnXWQp9WsQqJ	https://cdn.openart.ai/openart-ai/production/2026-07/create-video/U8LYT4b2errrkadcpdhh/f9dd18c95d1cc49452a9de3e14f1feb9-8548e655-3ff9-40e8-bb88-93f205553d89_1784235176839_974cdc04.mp4
26	A3fEvJgr1v3NG5iZpTdM	PDiHqzpZFoedM3BiW2qS	https://cdn.openart.ai/openart-ai/production/2026-07/create-video/U8LYT4b2errrkadcpdhh/abd927fd69cfe112c10b0bc8ebcaa32f-4367ab52-2954-43fa-a07a-6b7ac1cef2d9_1784235181847_74c37b72.mp4
27	BZ46MaT2kTyRQkZwowr5	nrI6mW8wJSM8DCb6JyLS	https://cdn.openart.ai/openart-ai/production/2026-07/create-video/U8LYT4b2errrkadcpdhh/2098daca052fb31e27c845d8c25e0960-03ca0c27-0c26-40ca-a0f4-bb020dd19894_1784235180052_f6c63cf7.mp4
