plano	historyId	resourceId
c1p1	zX3iqo75MhjbwjOr9hCu	AU0Y6H39jf8vQVouSCrl
c1p2	2YAbSS9XIRIeJsIIPyi9	HjcMzejDo33CkJGf1b1t
c2p1	VR94pybNbgITBdw2qjDq	0mAcwcARTx2IF03D8vtL
c2p2	9IUWTLnZaLsXZFLjAJ4w	MSZSO7tG7K0x8SV3YsKI
c2p3	vokg71aAgeH5gdFi7kpL	TbbihYVjmBiQT3KkEk0o
c3p1	bdUhPmI5B7bSCq20p3hq	65XSJ4TAinaCU4NNdZTo
c3p2	9DH8k7XLpr5yJOeNUVpl	mW8qaxbfbwDXNMjt9y67
c4p1	c6Su1Kx9RBvYULvdSI2j	yMJt7KRlcNNu4yZR2LfS
c4p2	rLP13SHWY3puyh2Kq7kx	X7j8GqGI1bjAh6FyK0ru
c4p3	w2h66Q56Fg76xvO6J6Z3	u7dpSzSudYAbMpfngcFg
c5p1	s2pQGAzhbilLAl2Ns6AX	3LM9nGp7ueykgOxKIGgQ
c5p2	jy73KEpA3Yol9CHOo6se	M7sGcTOrZ2oNP8Ivn7eK
c5p3	AD5RQa9HE972cKks7HEd	g30WMfRZt8Ds5bK5zLjT
c6p1	qylm3srghfV1C5R8uFia	29UwtunM83No8Gn6lRZ3
c6p2	0XKOiFyKthK795pHbDlb	4yOi5ix1sBa7leQOF1kW
c6p3	nCLhHji3ft7wBFTOKr4f	WgHvjnmIp724fGszFCjO
c7p1	nMneDSy1EIW6Gi9rLdzI	DxHZmGzgvp6bhQspYq3I
c7p2	FtWMs8RxZZ8nhyPjB7cx	ZfD92hzL6O8dy5pzIZ2b
c7p3	hWvoDLPFdPGWblrXZy0X	ZJrNae9avxcPu1nPFc5v
c8p1	QMoKcUknCj3NeU1HU3BC	pctbe4zlFyDzcrLdpjXx
